"powered", "cantidad"
Phusion Passenger 4.0.37, "3"
Loading, "5"
Phusion Passenger 4.0.33, "1"
Zend Core, "1"
Phusion Passenger 4.0.38, "3"
JUSTIFICO Rechtsberatungs u. Unternehmensberatungs Automobil Operating system www.justifico.com, "1"
web2py, "18"
CENTINELA PC, "1"
eZ Publish, "45"
DomainApps.com, "1"
Bananas and Rum, "1"
TecnoTouch, "4"
UrlRewriter.NET 1.8.0, "9"
pack:tag, "1"
epages 6, "2"
PleskWin, "863"
Mono, "2"
Page Server II 2.1.17 65318fd, "3"
Servlet 2.4; JBoss-4.2.3.GA (build: SVNTag=JBoss_4_2_3_GA date=200807181417), "5"
Servlet 2.5; JBoss-5.0, "11"
Apache2, "3"
Muon, "1"
SecureNetSystems.net, "2"
SERBice\u00ae WEB v1.4, "1"
ModLayout, "136"
W3 Total Cache, "177"
PHP, "69823"
Servlet 2.4; JBoss-4.0.3SP1 (build: CVSTag=JBoss_4_0_3_SP1 date=200510231054), "1"
An awesome IT Team: Apply now and help to shape the technical future of the world's largest online hotel search., "1"
Phusion Passenger 5.0.4, "1"
Phusion Passenger 4.0.18, "1"
Phusion Passenger 4.0.20, "1"
Phusion Passenger 4.0.17, "6"
Phusion Passenger 4.0.16, "1"
WinterIsComing, "12"
Phusion Passenger 4.0.10, "1"
Phusion Passenger 4.0.13, "1"
Maddora Software, "4"
My Little Pony, "1"
ALSOLNET.com ASP.NET, "3"
OpenNemas, "2"
Servlet 2.4; JBoss-4.3.0.GA (build: SVNTag=JBPAPP_4_3_0_GA date=200801031548), "1"
UrlRewriter.NET 1.7.0, "6"
Servlet 2.4; JBoss-4.2.0.GA_CP09 (build: SVNTag=JBPAPP_4_2_0_GA_CP09 date=201004202158), "2"
None, "1"
BRANDIGITAL, "3"
e107, "1"
Nette Framework, "2"
Servlet 2.4; JBoss-4.2.3.GA (build: SVNTag=JBoss_4_2_3_GA date=200807181439), "2"
HPHP, "2"
Fat-Free Framework, "7"
ASP.NET, "30126"
UrlRewriter.NET 2.0.0, "14"
AA2000, "1"
three little monkeys jumping on the bed, "1"
Chamilo 1, "7"
Midea Carrier, "2"
eZ publish, "1"
ZendServer 6.1.0, "1"
Phusion Passenger 4.0.53, "15"
COTEL Ltda., "26"
JSF, "5"
Cursos en Linea, "1"
Phusion Passenger 4.0.57, "3"
Express, "55"
Ribose, "1"
Servlet 2.4; JBoss-4.2.0.GA_CP05 (build: SVNTag=JBPAPP_4_2_0_GA_CP05 date=200810231548), "1"
Phusion Passenger (mod_rails, "27"
JSP, "28"
Servlet, "488"
Servlet 2.4; JBoss-4.3.0.GA_CP02 (build: SVNTag=JBPAPP_4_3_0_GA_CP02 date=200808051050), "5"
Phusion Passenger 4.0.48, "20"
Phusion Passenger 4.0.46, "1"
Phusion Passenger 4.0.44, "1"
Phusion Passenger 4.0.45, "4"
Phusion Passenger 4.0.42, "4"
GerdauS.A, "3"
Phusion Passenger 4.0.40, "1"
Consultix, "8"
Servlet 2.4; JBoss-4.0.5.GA (build: CVSTag=Branch_4_0 date=200610162339), "1"
ASP.NET 2.0, "1"
osC_Sec, "2"
PleskLin, "2957"
pimcore, "11"
Seagull http:, "2"
Page Server II 2.1.16 ef27394, "1"
SmugMug, "4"
HHVM, "3"
Phusion Passenger 4.0.50, "1"
1800Flowers web server, "1"
0014, "1"
Chuck Norris, "1"
WP Rocket, "5"
Phusion Passenger 4.0.56, "1"
Phusion Passenger 4.0.59, "13"
Phusion Passenger 4.0.58, "4"
Servlet 2.4; JBoss-4.3.0.GA_CP06 (build: SVNTag=JBPAPP_4_3_0_GA_CP06 date=200907141446), "1"
TMX-194.19, "15"
Clubmed web servers, "1"
Phusion Passenger 4.0.0.rc4, "22"
PRIVATE, "2"
Distribuidora Romero, "4"
Phusion Passenger 4.0.3, "1"
Phusion Passenger 4.0.2, "8"
Phusion Passenger 4.0.5, "7"
eZ Publish Community Project, "1"
TapCommerce, "4"
Phusion Passenger 4.0.24, "1"
Phusion Passenger 4.0.25, "1"
Phusion Passenger 4.0.26, "2"
Phusion Passenger 4.0.27, "1"
ASP.NET; Sitecore CMS, "2"
Salesforce.com ApexPages, "3"
RBT_Server, "1"
eZ Publish Platform, "2"
o4b.de, "3"
WEB02, "2"
SERBice\u00ae , "1"
Servlet 2.4; JBoss-4.2.2.GA (build: SVNTag=JBoss_4_2_2_GA date=200710221139), "7"
Webcindario Hosting Service, "4"
Nautilus by DVE, "1"
ARR, "8"
ZAUPA, "2"
EasyEngine 2.0.0, "4"